matrnr,userIdSharepoint,emailMoodle
53bfe5592d968abae2a389ba978e4e04d668fc1563e9d392b5d961d1cbcbaa1d,8f6f85e30dfed4618dc1034cb1ea7fa38e6c7811be926e960dbdaca89e30053c,NULL
a47ca647b28ce4d5dd2c2e440fc341ec7966b9348344cc970b5cf4b3fb0e8d1d,25ac2c4e83200af854c94d9a604b6b6230672f3fbfdc8a81a59fe85d04f66b94,b472e4a029800310fe0bbed6b6098b06cac7ac774a3bd6b91b8cc6370630927e
aff4e8df9006dee41774ee98167282d9f93d342043edce2ee8782fc435051edd,2cc61a1c3e8360115994621f0db105b6e6a741f54b444bc82ca83aa3fa4f9334,5a386cd7c030cf859244a1fabc41a78a084c489ef190bab6ba8de275d784df10
14a2ee28eb1aa6e025795562c5913ccdb81ba8993fda22b3aa89f8dcb6bc535e,NULL,NULL
54f67cc0089e486130bc514894fcd01a2f870493e2b78e069a90dbec722a2f5c,NULL,9a8527a9f6e1dc1212c42869664b127287b7ae1225f1ee6a2cd77ff1edf4d501
3217098e6a9faff45385d1800b7e1f42d4e9615d68097cdab7dddbb0cb61226f,NULL,a34f2916d8f3ecb8c8bcc4a168dc9bd0decf808dce4cf0067f0e7288deba3cef
53fb5e8519394340cb6e7090fe014a205b238b957182b0faf77e27c19142eb4d,1298b03cff7e4f5b54d3ccf1b547a1d28536c16c6c8f4740056b49390a34c826,NULL
0850433ec14a80c5cb86283bb99b68d425c657cbe4243f0927ef3e1d28c9479a,NULL,NULL
dd0f72a7d7ef9dec0b127bb341b0234f5fb3ae4a5a60aac9dfa31c29e46cb950,93c1ab1c5f20e1f6389812c8fa86e405b576049976c851963a60f9372adb482c,8942cd0bacb7219445f31226b55b5040340248bc1752b9734ea37b9be42dde1d
b1e62c6c21af701b4616129cae1dbee53e37df10ff7dc7147796c0ab56888e8f,NULL,NULL
9c8c063f1aef2ba6a71537f15f99b33541913b7f482e10dafa7c5fd5d281b9f5,a8ceb899b9c6a9b7c31a3a430c9fb8d0de4fa2ed74bed3346ed0a7cb57a4b562,NULL
9405d9cc7ef25b307a3b9ebfbd9184476c5074af278f55038c9267aa63de24d5,974815a9e4039d3af48af345b273d74cef582381833332462d8e669c9e75251c,f34ff380698910ee99c3c5dc0cea13cb0db22a7d06ac25e6172b313214c91b10
07cbf86e10e5e9ae1f5052b6bf23bbcab0086a7086495ce72e756dd3627a8a83,NULL,092b9b350f60a9923f98352d773ba125ce757a2184a8cecae9d25ac603b1e1d3
cf1a87b5def147f41c487165f5f2742bd806f1a10eda7f8766e45021f12bb8c2,541d03c57111db3edb097f5dd0e4fa17cc8293e3f47c748c8a5a3a05b131d3a5,f816c5b49f57d42c074eb97d7dddd8a5fb223271dcf3b9abe50e19589b5cba77
afe9df1f65bd13980ac3eb719a766aa243465eb829b083aad053c4fe0acadbdc,4c7aefe17b5c29ac08f4bb617a7114913e6e7421216b63682eae5cc73a932062,3f1b6750d65c3f5d3d43c59c22c82a0d4edd80b3b87c325d5c3b206a6fe1dfc9
a11e393e4d20baf1872b0870444840517192fb1815b0ea6fb0b4198e06db0d56,NULL,NULL
36f00cb789f10b80612a7413a79975ee2d8deefd6b6a6553f4ea90e3ea2d250a,NULL,3035079319be314f659b6ca9c596df383bf824b0ce8de718039ad3aca153b5aa
7260ec6704aa3483c17c4141911f4e24cf9add33b6987960f41d7b7efe29068f,NULL,NULL
c910b384e32b5628b4bae7476ebaa6e125ac5a6ed28263624ab63d9939cb77ac,e99406967ef94626199ba84ed103d15567641687c4a2c9132c1e7e5362a606f0,d02f190c1bac8e54f12c234482c6f879f69b961a414790950ea96d17d66d2934
44ab28830ed91ba438015176f08958c51a86419016268727e88ffa6bbebafb83,84c2fd280440f7d0f54f0ceaca6971da83a4d1634fb5c9b5e18ec80249209daf,1b8e9b4ab7d4219466a84e29cecea9b28c0c3e4fb896422496ba3fcfc1e494f0
2c0b35c4c2535619ec1cd10eb618a00e69ff76615dfba6eefc458a526ce61ed0,NULL,f918262bac6e7ade73aafa056b723971e00393707ad91ed72bdbeedb008ed8f6
f2448ab42f9d31b9e7b03cdfa935a71e5519031142c628b3937db6917ab71597,aac9a6cd506399de6c7f8ef8888e1df0474e3338ddefb8ae4eca84fc918abf4f,14b126330b6d574fca4dad558b35ae024dc6717711560c7c467b6656bfd29f6c
654be79911c453c0eb59ef78ba1fd5f04835c65f0afaaca2fdede0bfef71c8ac,926729e7f3fac4a8214a4d209f6a1660221f8f159fc925b40475833073bbd855,8810d2b561579d426f09f14fc39dad6a7723e035c07e93393740c3e35f1c4bd9
249ee5a5734c76d6f3e1765664e73409a264dce09bf58e6135f3a297a34bbc45,88f9a698a6ab951e51903e600b48a801161fdcb3d8ea82d1959057c1187aa50c,1bc7a236b51a705dc42b62ba3ac13c446e372f47f4d39d2d4d3839b6548223af
543436ac8509a8251d0f527e8452faab83ec81d7d8feedcf54d2833b5cdba92c,NULL,c5fc7104d62f8598d50e5b8507a2095344765a043f0fd30214d191bf4c6cf8b6
0cf2e36df0fdf6c326840b438ce0c259fcb958e5af663e6abeab81873a5e6bd1,6b903fd015f8cd7f401d287e56ff360b476a9dae005a765fb060430495372461,ce079920b5f244385de487f69c68cc253926ae63b544240bb1c1f8a5dd837ffd
e4c0e61c7c68edefadd4f180f5a3888c690150837c40c8f96897e9983f3cbdb1,3b105695ae02b03a5de16225b8ab256a7c25df619ece3fa5b1bac04ac3c74a57,0c2bf2fb4ec246c97d1fc448589ea0ee9c770959a84c285a20e484fc5ff2bc35
e5be72d76a9da234e9889b7ddefbce2442513932795c023de3f41f7b39a61e46,3447ad3f4747560d8efb887bfd3d7292de8fff70664c18139f393c2cbadd1cea,8737130e2d6f78861aa3e3ff7d62596b2d5851278db34d4cda4a4ba76a3e15ba
530671f87acedff36bee84d4410d882673bad02d840d52e4ea04d223a3edabfd,cede0729b382947a00774c7e0e6d0b9f40bb3737105ac4cbdc312d96b2b773e6,NULL
7f2821bbda19f24d81e12ad12381d279bc6731401918d86764889c04129bfeea,7926cfbc62f0d42d3212bb1dc8838d1b5f9a5afaace3337a6bbbfe459cd29d22,c7e0b8335121e408ca18f0f35205b8caf32429808f7dceb839062625ef315c88
671f6e2388b196ad427b211fe23428038a94a8794e95624b55fcd4c804e0ef48,2cc6e00fe83af5db5ad57470bb1f8ba76cb0cedd8b61e0a720a09fc1010e8f99,cef128d9c4e430772931e7994e2a2e30ba0823e918d5c8935d7fb1bd43e5c496
b87fd255508e398f16170bffecbb27b678b889860f1329b1985af6f322c59563,NULL,8e4a3cc7bd86d8b57539161b115e0354d50dbab52b4eac73b87091f461542ed9
47fdfebf51bc5d5e945dba2ca308a6662d45e65cf1703effb43ac66a27594023,58ff958d4aec950032c23f74d93fddeadc35cac2a2bc1dda0edb74fc2119d777,72f7456a3d582101d58b049f3141e1f74bab91478a124f6c212e4abca917f64e
c525b2409bb3e38523e0af496cfeab1ff98e41af2b963909b6cf594cc8c0f631,NULL,4b0ac515403fb901771c6832482d83c57f0318ca62b2e3242eb158aebb3f98a4
78e85f26b633ea9c51f101cbc57ded217d13825b36cff91ccd0775769d250de6,59dfe6f0c5d5bf5d3eda5089f9a4a9dfa266181cbab5142260db01401af395ab,8b3bf75669a845a64694c01b577083a194004134a0b803485ab2e65dca0ff1a5
51d506fe590da90560ff8a2c1b34bd597c7614f0d92aeb0435cf83be0548a9d3,4c865798d3ae4b101c55bea993602e861f482927e69df62b5fce4744c067d66b,0903c300b46f323f192fae57529f4fd00c7cc68fcf23c24abedd4fa475d215ec
b26eb142e247b0c25a46d1375beafd9e8e72cbf1ba7b726833cdb51f0bb839af,6ee4688ca0730560d76db1461dc23b5390389ce07c072950a1402bcbffe23963,f92eee46c907784a011e9db35b49a28c7b075a48625ddcc3f0ac89465e36e433
05049b84c59c145cb73e220e19a4b084097fa9e2f0b8d09679e2ae7acbe1b3fb,23d0dda81b3d0da6e9b6cb3127dcce4d3b678dc81a44f55e13b91d3e0a1a6471,a5aaaa144e336c781f7f1243626b9db592dfe71aa8f3a8b2d3eb2a61de48b82f
e8c4d059481c391d175126bd88d8e35d16c22e00d92e14667ccd395e676f3d76,72b53bfe8f3f4d4e9c8f3bffdf47600a3d0e0cf6a27cbb4d908cab3e6062c836,1423922938fa803c0c51c1dcbdaf85a5e486dc899227fd8e8c6276130cda7424
5549d71b340fb8282e53bb22868194f02b9f87b4136e02604387255075a1a480,e78f4b6c55906409171774f01e7ba1a8fe59499768b733793bfed0f2a0872647,119733b3fa14b2b19c59c9e7134786503c5beaedbf8a2037d0dd73ce818b3d01
958f895f44fb4de652b0c1e2c3eac8e9aff59d752379b508c339afdfd351e8d0,e9f862930163eeae55e24379c021e5e2954f641278f76db1dcc281217ff56cf7,5ab972bf248ccf1fecf164bebcb736c4948ecd62c01bf7b2b070f78d7e92f249
5d6add0382b73d5559e2f7e41f0461b5cd25a3bd33fa5fc16a8b02a2531616dd,NULL,NULL
6ac3476106923092d5ca8fb1070671e17425dd4044fa657a76dc998a9d79dab0,180617eaf60a4713165523e51b0b4c9357274583668e710d9f18d90fbb4f6685,6c7708629e3fbb70f1d6649a4836fd204ce522f085c507c96618c8dbbdc44543
135d2ca22136e881063d5d1cc1ee973ceced2dd46f606679ba49185b9a1ec3fa,b486205d243954df5dcfae7b45b079648de796bc11e6ce91a75464b5ac0737ca,bafbbb458518d0c9b7f7fbe8b04a9d6a4a5914ace6f2a079104b63a68d4b91d8
b21ab30ede263c2bf3408056703b37f3d3c1a5187d62eb83831c53c4f91d91bf,NULL,80587a11e2415299769d9ad6b77e45685f5d0862f954e12aa879a0fc093adc17
e118ce0db2ab45b2b22fecbcc28c10ec179d6cc5b9ecda7c60b830c0efe858c3,546fd3d04a24a6eae63c9df1d9a860d77ff77fe1168ee3bc073f348707519c54,3d38e9bf2a81619536916be5c4e5b037afbc56d5131209523eb0a5f0a02798de
e98abc4a9a66128d6810fdea99cf2ba3fbac2414e674b1ebec4949d4b7a4d5ba,6d308107bbe4ecef54c39b64e125ceec84c351a08cfe50b06d80c7400aa260ab,f99b8ceeed95e88a56a7e9abbe318aed0eeb75c8d2c30a83e10ce6268433a88c
ebeb267b5373a50b8865e85631debdff8df19811e193fff20dd0cbac8e82253e,2659c585517cb691045ef2983f9fce92b581622355dbff9afd85deb646e86eea,726bce389ff273ba972ab497f7f774f27c0c5c4bcf58f0a7b3975a71774f77cf
1dbc34fa8658756d95eee6d2a48bc5b961f30b43884d1175ee75283172d3aa64,NULL,f29ebb5c40349a428469d3912331906f08d920355892cc5721ef6286d3d8d198
169455fad75f97068e8a17780571ae4e5645c56a42a9b6f99f3e4feefdda4e1a,8f071d0dbcc03d26aa3c0042761460e0652fabba7f6391dec283f8380a1a653e,da2bf67f767ff40eacc49afe6ff524ffff18b7240e9688ccbceff0ff963669a1
8c066c7215b4dc1fbab00b03f4e6bba9378e41e076676f33d6f98839796430ef,ce95af26f4521bdedbc365882521f4938b45130eca6221beb8a5a486239c950e,bffe4cd5c334b1fa4bd63db526fe4952bee342fbe3f21ff7dfc50fa1a49f98fe
9c1561743730ed2649dae9d2f1ace7fcdbd65f21964d0e8fe63d87c2414e4842,270bff8dc7ec3f26a9884f38b686d1707ec497bb3215ca143f362e9f511f408d,a494e964e1c29b1c20a5b193b431d39bd7a76980012104c4f8c609ae945ff7c2
8ed9e9833642bc43c0cf51c5c7b48c645606a75e8c0fe617d246842af3eb4b4f,d2beeb9c19c08efeccc0d8336fc0be0565a92ebabde775089b2fd8c8b6473838,fb45daf7f4c37f061bdd82e50f183aef9193173afddb14353716612f8b937055
c5a0c8ca510b9abfb6840f7e5be091872684ca3f29cff1ade9725355473a6815,NULL,128f0a2d1cb8e8ef7ec0320f9cff3c411afd2f43e278c867a46ffe4e48ba1aac
a8b3526d2ddcde0f104ca71cc607883b4ce2704472b6b8ba6c324b75d7f0bf5f,NULL,81c6eaed350d95b9c561c74f7481aa2cbaf4ad370dcfd3a5012335ead02c95f1
627aaf81927f9035578083337dcb43cfd618facd7463d0202a116a782dc5e0a0,0e72090cbaf4ef522cf1f1fd12e95c1f1eb62a0a5342de40dfed3b2bebcc0c79,b5446ebd8731546b7ce4b1708d2a00fe0bc0df97e45a0209450174149770a93a
bb6db0633b72edc54ca701eb0c015d1e1654cc41978994b7710c05f2d2eb4d92,f5a3f805a96c88a7b016df49c3ac1a71d071e4241196428c0975548e1bb342aa,629fe1c3320c7e2e6985b8b9cbe4ade05aae2cc6bbb701c7d8017e5b5fde426f
24791a60b94287c5a7c6af4dc470f855515f7d8d1689f7da5af3c21cda61f5a0,73dad65e0e9fd0f6331bc3a251aee8aa83ece27b1a608cf5f8e4d2095d6f6583,9310d603dac750b7baadeb1e1d70aa1d4076f10e21fd47eddae3c8fce906197c
7a397df8aabb52663ff42be3563bcde89e87865713384a57fd665caac9522f22,NULL,6abd5da76396e0a8c78c3ee4620c20d6e4ef8dfecdf2dbe8fad76d3da64ab991
42f6fdf404b55748e9b7d0ff44285af93917aa29269ddec0d5c650289b0d8d6a,NULL,NULL
a830979456d9c89ace7835f3f8c6a44e81da600ae86b4614ea0c0b78b8d8b5df,NULL,4ec9015757aee676f2a13631e05c03f282213978c3cb86b3d55c3829d980ef62
46d2c9e4ebcf754f19bcfa7645a84805116de242a71af71fa6b615a297a05e61,7b68c731fda07c99c703e8e7f13204ec59b69e0e4cb952ec8a29dd77aad7c4b1,96c0d633a4604e46db2fead0cb99bbece610054fd979400df5fc1ac08d824485
2b15d97a9b77cbd779c39d0e677ed4a205898d9fe0f74b223ec463bc5cf774ba,NULL,819a260ebe075b55484d50c5e48c791e60a5f294009e8a39291a6ffc7dc9c8ff
a564cfdf94a440e85e62bd584f91c4612941738006c360c801621059a6360037,NULL,a9850cc7ce7425986fa0b14dda87d90f4e2f772ea8e5ccac81513914492b6b0e
e1e6d50d669584826bb4bbd54ea13e086de451a81d7f8839e197777238da5665,NULL,dfda43493c1768d01dcfad64c2062da024b46d57d886670c635ff03db13c93b4
a7ac2cd997447879549f987548d7a7d566855bb5b66ebaff9adac3eebb3b32fe,NULL,ca344b6713c2120b7282c479321e9052ee54f8dfb1ba4bb6d70bb38203820398
a1dc3d08e332d30c4078a31c753a4b58bfe99e06dc66dbfafa3ade3399c5b25e,de3aebd411471955e43158a7bf0ad72419b4f94d7a56520f8b725a8d85c21c50,0bff53827f98fa78f5c8c32bcf78ad5e6e32f20a38ef38cf28799639206be312
fe605ca6099b845d492043ea66d4ea83dca0e7ccb702b0adb39fc3d7fa5ff446,NULL,d836451756335b8dddc81468da617a5efa07ab7cb4202e8f8af90e3c6bf5c968
b6c2499087de07a5e7afe161941eb15e4fbc47b6faab77dc2b37ba5fef14b72e,NULL,cbd0fd8bf27ebd961d9241c0c9b6cebdc86a022cce815b2dee64029b2493c799
b5b946f7dccc5844b6ba7c7202e74361e6375b416068519de413858f276ba8da,NULL,6bdc0c5e1cc746b41971ce54997174822e4f71f342c6d1504beff5a8102064aa
d4e48844ec537c4a1fc1d6b077186ee663faa21991fcaece6a5a2d0d4bf81a5b,NULL,193808eb1593b40744da9c5a8a24601adda009a42d1cba575a700766915be6a9
7097eb131155f077fc382d29c79fea659870d5d7bc39b247fa58c74c5aa23b68,NULL,e2ec09846c47ba4abe222b94be7b9f332124a54f9f331c5704d298071e72d454
7957915c634d4dcb581fa154157f5ad9c2947f50be632fb5599862069f4d2d87,7f12149ba6cb4ce670b14924148d8420e5c534991630dfba9d2454e420316a69,08a989687bcde0ff7205f37bda8aba1b22902a05c448db2ac94c68b86f28e6f6
ff5409cc75a1031a79106745586ba85361e9eeaa4ccb612c1cc7dbe4da9279af,NULL,3eb8248291c35dd99439f677737972d8b3785f637134768d9b3ab4a2f66b5947
9db2526a11191c7ce73bc1a5f67ac7972efc1b79f8e147d00c0837a7a2c2fced,923af42d90a795e59184aaca31a694386c9c1ee4deefcbfd3a2735cfc0743aad,8fd949f29b2a9e020273f90263beff4c8b88268c2a6e8742429735b757a5b16c
f4403cf348405797db20c9f7da3ec7cd5851b1d46ae02dbbbcacd0a7c6c220f1,NULL,4f9d17b0a445b008850b2c135b3b3ad0f892b2694e396d1d1eabae23aae9029a
d2e6cfd7d96fdc20dbbc242466ebca2e2261875a799a9937e63b1eca628d2510,85f7b358ab45fd18d6dc234edb8610765238b52fdccec3237977db2128c3a17e,7fd9e4a293578ce42a4bf9d490aeee73cd4ab9a562c6cc1dd6600a084a0f489a
10bf6295fa3288286999ee79c2d6612626909301920a69512bfe95f39eb396cf,3c3631fdaef0b37b3a721e0f77604d4280c59ba924426fe31b6da88a154b2a3a,8d06045207d72d87544b450af13b3c717c0366da1388c356279490e380a8b9ad
049d2b00bb2157d7ba2eb28f4216fa4b58a7171815aced9ad2ca448965d13960,137fe49629044152eb61c324dd894a21897a95325bfeff0ae75fc9e5bacd0a53,6de6879c5c237e204310288864020dca734646f1cd970d422569c27d360f0052
8ec3f4af0427dd74d4253206be1a1f4fe5cb85621cf369551fb8ddd863b35ba5,2fc49490614e476f496c2a39234d91618226443364bcc0ad1614a4ce2183c22b,eff5a504c8d5ed814c6c54f87a60871fd9bd77339e67ebe71f595d7c4c04e0b1
d28d84af56c2dc970b5d254b6b3ddc5168c1b6a9f7596c5a3647550fd3df7457,66988f0c3de4bd8cade6f02440fc4e6f9bbf6f5eb6da081d02037dc4ccbb60a1,e6caa7c88b8fb7db144525c3a048316846fdd336341d7aa62a0fcde2a6462212
01b637662cb10b24cc622900d066839733d2866ff52c0f048389b1db0865ac4f,NULL,edf50c489f2793923f1f14ce3cd88350c2d64e62a8873ca780a247858de5a9be
c49f0fc7edf455e2fedae33848340b8eac8aa66cecce7ac819492f9f20d158f3,NULL,NULL
0fa190d444596cdb0496313e4cd40cdb21b81bb7ef4220709a0496351cd2d17a,cd8dd42ec355d386513d361542fbe0db3ca098a43ab959fe3761ba7e340db491,8cb2aac2fcaf8c85555658747bc98abfe3002438e56ec76da018adf289516b30
17df614ad6374b7b0905a9d638337724f29828bb31840b41936802e0ed529b93,961ac76a7da4b582092f22e644e8ea8d1fb7db4da9731e15644ad85bdaedd72e,b237b38afb3e20eda483aea2e22be30b8cfd3c3f481918c1196e9989a663a09e
55daca2efc588eee4fe56c8179d352587246a093c241e7ca01729f87d8019f48,NULL,NULL
a189306bd18786da01f86915703547a1f173f56cb10f53dea2f9873a067376c7,NULL,e3f086f85e392bf5ae2eb7834f4fb5b9f4589582fa913503664a59f09cc0cd31
255311723d112f72d4172afb918240fb3ef1b0a40c8dac7c5d1f0802353fca98,NULL,a727a1582bb05fb0d9f7f94b4ba7946be6d6b13ab15547f18839d99d3b4a830d
bdcff9f36bcc4366fd0bbe3cacbca99594bd9eebf625eff00bc1a435b2fd7401,NULL,NULL
ad60b776499c3be5ade342042365bde20dc43d6826be44ee1b7a745558c94409,0fe7c57f6095bd19397138e880553ff76873f640dfc79a462da15b010c9c0542,4939e883ed51e07f1e09b9371833f2959917dab731cc0d7ba1e3e8e01a424ca8
0ad77f38334e15b20a3ea19191f50e80f1d64d0d53496210c67afa40ae42831b,NULL,2d43b5c641a59b768cc688880b2eff7d784870d821a60b2b0bbc3a19637d5c26
460e0e7a8bed1c34538f8a3a1e612a43a4fab38e10f1874b49b843c814068e44,b9d2a04f3e9180971841dca2a9890448e4414d4b2f22223d4b20f981e9989648,cc33cd70d397560e8eab20cbe8d7b2cd1a9e95d8d7f539fa0dbee240db183fcd
2dba2b1f95367a2db57f3d7420fd893473d3fd7d634441b45c39097f3ebb9ff0,NULL,735c3ea3131e3bf91b0593e56d57f9921fa4a7c815a90f32e42b2375fe3773ca
00ee9d090da1c1c1e1a09c85568eeed0db4b62517123d5f1a5188b5bbaebb35b,d731333149b1598f91f778c8d486d542df5a89ed3e80c0ffe675d600f63c2716,859f1d43c5ac43071cb04b318db9cde0bd3920a4a5bfe431af3fb3c3abce3729
d879a0c0ad1a0506808fa217cc6e9f40bb79238563bfdde7ac8b5aab929802fb,NULL,d59b020c08394dfb46bca5c9d9245c5a9f97b4e38a0cb5db8057fcef4717f18d
94464430b4aa82a6b07149f2597e854ad8ab6a6d922faf8156d50e45e13f2dc5,508fe83a09c1bf398bd015e9892abb73e08cdaa3b887b2aa4cd1d5b4852977bb,49f09f9e4a480f31a89ac47529a36cbf002cdb446cdeb7079ad7b177d1608316
6c347df652dcc891271b805d2cdaa74bcc0da657a7fa71cdc0f35271af35399b,4c6ae08076c5bf8688e3aaed1e4f98b4987058448490f11ada407baf1a2cf245,34d8d89882585531a75ab4add4a1b375aa8537795011167f9488fa64353f052d
03446a6a832d5aa26626334c4e92c2c44bd5dbcc440228bcda3326ae0b6d0aa1,NULL,a6a4bd453c58470f54e59c4d0dff8e13ee2c56690e6b71c84619159d88fb8ef5
74cf477e4016faa9b058645e136b9d339b505a32adbf3f6e1b32e5746b18ce2f,NULL,a4f485346dfbbfbf44fcac1878c627dcbbe30997fb1fcc10aedb43033d00c7af
ac22fceb2156943812b301fd5acc845016b80aecdbb12d821d7247abb25c0ae7,cb5470bc7bc8bf96899d911e72ffc1cdf4216b576adbc22fb3944149c7bac4bb,7ebba2d46388e3a0dab18e6fc9e5a726c999ff53221a64737b8949773afbc1d7
66536cadef3e10b7876c2ab1e015e55dbdd7726b1449a03693acc94c93272c5f,f10581a93f87602dc30dbc7b95a65ad77152c0e8e07024f2c6840f42b1b35e01,8bdd9191271db593e1d624e0acf33c8afc3f27a47e0fdde28ed2d154ecc21fea
1636ebac126ab336032febdc7171703fc4012ce59deb899d3ae77252db0df4d9,e1ae721b7d887944bacbf35880004622aa7ca012aa18b145127f075a913e33a0,45f51ce713a23612ed19b7fbe558a1cb58ba29fbba4233425e3c4989b7bf7482
2eb7743834bd89c593f5379af7adbbaf27f864e6dde31799de63282b5d1a285e,25bd4a1fd984998b7891391714516f0b50c7f839f8616106223a169718076d19,f6eaf5dd225a6078d84da3e178a119a7cdf8d1224f5c776bd8d5fdf793c6d61f
bb4ebc1daa00eed51916e14d4f6e9f324d85945efb06bd5705cc3029869feb6a,NULL,NULL
dda017896b108560dc68d95d0e39c8e1b0169a4f7483d808997a110860e58cc2,af7102bb03f31de15c92cea5bd77cb7af2f084967be2ed28d1f2653423620695,40f8bf7e88dae2584ff65c24d7243777dd820cfc480a6a0841ed10687056074b
dbd51f8c6869b3360ce2d319820e9fc1f9df8763917e07fb01817f6ad4aec63f,72c300f54eeb48d24f59e3eba67826c19287d4d0380de80043227fcb3abf8844,c50e36a37f93c0b9d0baddddfc937fe683aeaf4c7316e8e0e0be55e9744541a6
55eb656bb063294ed1fd46833139091882870d1e4680d481791d6f8f4451969a,d8e9a6ba1b243a2376a7427966a9d2d6692fd0823553d30839431d582c53a369,590ee9013ce01fde340cbdaab34495853440a74be7a1b0e4ad04ce6815417063
aef265e57de797d61c624bc5174957bd2fa07fb80bd33ed0352e397824a54bb4,12b5f4bd7c45d631ba417a7bd8d19866b76fe0927a43956761c68d03a9e7bee3,8a1729a01dc8343f7f468bc52ef14b619fe5a4333b78ce5e2e4cf28d33a9da82
c6f2738a1512a0103d00b76781d8528f87744dd2d7d36c4e2a8198036d36d612,f6e6a4be0dfe14c4552ea1e63f9a3c1eb959e69a21681819aeaf87b3333c067b,5cedaba87844632b4df4e1f3fa5b4d8f096706db16201a25e5409cc3fa414810
66ddf30bc84f60ca33b52df9fdcce63486182d8f30279e441d1f6bb28585dd51,4f76c5aeadce114752c7c8f570d86b89a080aeece038e42f41d5000491ea38b6,e5a3afbf0b51435a10da78a8e683e218da871f19d928a3df146b26aa9e1cb535
64f188941d86a83fe4bfd19fdf0efbb1617de18ab38084b5f7696d05c6b3d122,NULL,2db67b3f2e95a012b064d0dec87ee5c2f7be7e990074bda34c376cfbb95a77f7
fc6ca25c0750ad2227b71163484bdebb2671e5eb9601bbb6258f2b696f5098f4,7e8b66138f47f1f2c13b4b83913161f90edf8a6d8b30c1f54e9bd9752ffb0aa7,5f722342d02c0b4bc983ad822d7a29455a6f33af3d92afb0fa8c325db3a85d8c
402ebcf8660e2965eaffa7e4d0bea740f2c5964347d22e5d95d14ff6fa617691,2bbf51d73985c3475a18868d4e78986557cf24d73cf8aca6a36ba9a5782d9562,596be989b1ca7dc84138eb2ab91c5c8527406eae0681ce855df933e44ce30845
3c2b88d3a85791e7042475f5cdbd61bb687b57ccddc6be30f92a49c0be9910db,NULL,f8aadb9f66a1f2226eefa50df37ac4c0406d27a3185beb18e5b71a54f7a2ba03
448e6f87b59c2255700dc699c297c5813620b0b52369f2f1899faa7fe0520cd7,NULL,0340eae1d7cde5c4c09cef680eb98012cbc9c2b3c4b0fe2f0b8e6992631f8aa7
01fa50ec5bed2519bad3c9a29ca62a2a1cde882f051707f4ef36a0904dd6853e,96b75fbe0da9dc8d144b77220e2e9f05aa250d40d837470f7a57549dda2111d6,9f68b6c68b336492868f320771cb0466143cc2ba32e93bdb693faf72225701a0
cdb20a6e6c8dca0f7a8bfd2e3e5d59c4030a29aee4c8f0adc6460d74818ec9fa,9481efb0e06ba61c81b09465ff693fb1b4cd7c11a11ac0cc8d907bee081cb714,59cd2fa80901201962c58b56fdb970a98d3e12743951374c7c5f3f255aec72c2
d3d8afa17932d82e0d715cc5b6f9d8f8c7f93272ef2a23da273670bacee1c6c5,5d378dec19c4bd0b6bb8ff0a91321c2408e5dbfd84d9db216c48ae2abe55a663,91c4964fb7a9a152b1888c4bfaefeb823a244ad885ad9a0e8810be5ebfc2511e
4e1ae4c4f5c41028d18ab2085b8ccc52eee19290761f5dd2f50b54795dbc5add,NULL,6276b1d1eab35b162b20b87f210d743b6d6ac47f0e4075241fc2ad1dda6ff5e1
9e09fd2a331848c83857401d1d83797c44fdfd14551b036c952ee275f5098510,7562c1947c5881f3f4fa17a8550c0e730de241fb3e39f3761b3f8932dc2aea04,908f70be75efde7fd33659571188a5e22037c7afb56da880722ff438efd8558a
16d4eb57bb7342546587180d3c23f865233c0cbb00a58f5291e9306b3c56353e,bfda3d07977b373f4d36ace0f1d1d979d2514fb6e2b4348089170c56b52a2e0d,07ce13a0a383e9980ab7073175ce0a4bf7ba98de4e8a1ff272b4565806f5636f
49dbbdb80c6c6983282049c80cef5e44a1df47eb40a073ab1b924325d95088c3,87739939e15da5be3d21a9c0ced8685ecbfe5f507081114c5c9e64eeeec998b9,NULL
bc9d23989184e302b6c69c69306e7d49b39dd20c47c679b861a7b8b1870512ea,5a453c9c1432d5f33e36853557e6d5f23e62ee288e42b80f22767dcd0fb71aef,b3b07144ed5ea8c0c92553136a8d3c2e26d7f0fd90aebad18d2a7899f22c811c
9282d019edd4e9235959b8166aae819e97503e0f758be723e5577d3cd65c579a,2bd9da64e8d85f81bff849a608b61e10da2eda0feb471f0dc6b1bc7a3e6aa21d,6059313f7479f5ee454bd27b06c7ab7a56a31aa2e10240d817016ad2d033e041
0dc94a6530a29c7a918096ff4f3f7b8b397714481f0a3518fd663aa63e8af3a1,9b72e8f8848d197cd919a1e80f63b39aefda28b774729aa94512e1f0fd686269,NULL
190edd33a68ee020e4b6b9fc567b78717e4cfa5d6f8c90bd3b85102ee2e4a42a,1c9e0fcd1fc4b43191f6bc484ab72a49153a6411b3ce6fcd1ebf6e2ba605c337,9f6d731f1e5caa11086bc689ec7106fb1d2a1f7940c2809b513699144e3215e3
b88e3a4024eb2c58034deae1845cd948609e8c0f288184980ac8940122d143ad,NULL,dda485edb74c045a29a5ded4aa67136f2e35ba3e95f0cc163440d78dd2a2d1e0
290c7d65c3ebcb5f06a926dc5e6c0ee1f75934ab8331afe2082e08e158da8271,003ddd44f329e16fa14375a1a5ef2d948c9acf145e88d02f72ff9c44e43e4413,ad0d667ba45aaa8aa65d27f4d6fd32ab6027ca1488c0b94fe43b487613c5127e
dba6b43368b4d8f212ab3fd28dfcaea26b1547645aca477735a0dd9ec6d6b27e,7c5f6b7709345d5132d4024741a15688c63692b91448027662194a945271f7c4,061a500ccc2d4d17536157969463740424ca03910c09107230f6874d0aafe85f
90a2d0696d6764ad55991416365af170170a7d54090336eed333a2c59c50d4e8,NULL,NULL
28d7e0c0b6960aa81debe2250ae2e771b441da22847c7e012066aa00ae230e21,NULL,6d6593d515e60b38419a5a6787ee649aac6d4d89d1ed851a572ee2963eb8f1bf
1c30f99fdfa76f77e8824c706238b0850555854ca5453b178d15c11f49811b12,NULL,035809050417c622349b67912af105a48c27122ad9c79bccd946b539c673d226
b27a4e986063c098d0c70666fd1c42c639561ee5417d7d75a03d622714ea2f29,4efc440b36046c0058b86accac7b66e0adc420a753b8b07a5b5f94f09766d394,1a5ef14a84cb61f8a688babc00d37468d1c9a951739652c59b10db8a8ac7d075
6a295e650d0109d673109bdf71dba50bff607377bbb9c334e011ba18238585ed,NULL,20972b5fbc1762138240d327d6d36a15933f378ccb30bd96694f1c49903e54e0
77e866d548faf18516c455ea8755e349919d259d28390ac6930426740983e82b,NULL,8d57cb8c88f6d2dd9c038959b4004580d70086a5b3da7545a3446e1681ddf097
2d2a0930d43d925e6392de0bc7b6620ac7978397a80d0539d2e39ce15aafcd7d,27e76563475add7e70843c1e35364e0769107ccbfcb33536f3d5478e59650276,NULL
6ecee6b402a1c1259371037b53bcc84faa4d81ebacccce0548edfafb4ddacc6e,NULL,d52ca12175ae1f6983707c30f3c0a5d2ded11655792cf43fac87c32cb0be5ed0
9309c966db177a481306da838e740e8ddebf4abc5417f7838e6fab6d48f7a100,e8afae268289aa66c4c0cbc6e181d16e2eb0439062471f19a8c6134adaf53749,298e765ee131af793171dc328cbf5eac93e632eecceeb6579906034d784cdde4
31f5035e977a7a9d749987a620d76993b3e057a5ff1b1c6adaf6aad928720bfa,NULL,NULL
fc13467c22a41f94243664246a0484ea6933feeaea3df1bf62cfa318327ba895,3aff3bb5ba312b6eea7aba6e6170b91b3fb02c6941f4fdde9250764708e9f70b,71d2954082c9d7dc0db1b0e86d3a66fb52cf58aa13234002e1c1d39b0465f427
676f53b8faed091d6d01cbf8ac41f93eaec73f4e0d1da810cfbda44a18cf5de1,NULL,94f93f040fae41c3c57525270d8dc3aabeb6bdf345a115c687c0607f5fabc61f
6f9ebc101a8e56cd3f9634dde50ada48e0b9d14012fb5c37dcaa849ceb15f28c,NULL,8e7e74cb4539ef705797f6d20825c2c714ac99f2fce3432b631e347aff915ad3
51830f3199a92e634535527df74ca27d4bafa90bdf003224a831a3fc9c826144,NULL,a93c41501ce148f10dc076fc5c68cf44ed5e8c9af04fe7289fdf343ce999fbef
b89c4033690b801d48aca5b8258864a0aaba78de51fbf79b062d3de599c06ed9,NULL,2c0b12f47c3c8f30adea9b516bb090dcb9acd8a55219abe42a1022beca7975f6
637c7aa491e399a1e494c979ba4b7e6bbe54e1a530268f035733caf220471e7c,NULL,52a92c35e833dc2b5622c00a08082d4d85761684549058454df6d76c49ab5daf
7c4806885ee557eb3ebbb6534219db6aa5279498cad1a8687a7b866ca36a0a0f,NULL,c6b0cd8c4178a2ab7972e8c59f8bcf40879bedc3e35f0a73166044752445df5a
6b8d9ec7d547f7a1b07c07e3d87e386bea2154ad3fda53f2adc7de36219ecb7a,NULL,8c2613d164cfafe930865f17b3a6a4fd07d06191ab917344b0b41217d7302041
f8b5c50fcf7db8067449e40f0e479e84b7ed0d2d88e0d1c58d9987f99b59b130,NULL,7bb9ceacbf676821622f2f881801f52209c8d95167f0b401e53ceaa7c994eae9
8de8794d5a7e8c8a2aef0c61efa9558749dac9b2acd68782a4f0be3839f81489,NULL,ef0d14d762855125841af5006c973afdad861b8c78eb5704829c5a86a2f3f436
a6381f2f8e225fffd7e82532d2ec2a014ac1d9ffe496337219617c84a76c0f14,NULL,5c21ff5fd7ca4f6a1f50753fa32c721a89c3c0e8e7ff13da378f43f5609c207c
6dc6f0a3d874a55b1fdb51d819003c4e84b83d75b3b408930bc166333f5699e4,78de376fea8eadaf11574b755f411d535b2240ac8ee72a49618fdf73425bef61,2d561ff0f005d72a035afdf8323e73af0f33d6fc233562c5cf61aa049eaea913
fb8032eda4af5968d9710e3e6219c34dcc3146488c0f5ede6b35cb3a2b485b54,NULL,b165397897d2908721d7394a22be7f7ef5c6cf464bff79e0a9126100f7a7177b
5755a8962991188c297e163fff05bc0df05e3b7064ef93e00ac3395a91e4a745,c377fcdb7eaa30cfc034428dc06c02d5bc7f18e2d27e165ae73aaf2135ae8f97,6460399b6415c722e9a3814b1d5591c871dd19f557523389b60e50545ee67d11
180f76966f95e4ba230a24e3565c23982cb614ebc2610389411a3fa7d70841d3,1f17cff366ad41277f1e3f361479c9764474fd0e81dbfcd778827b668d3ba090,c658b4ad6fc8d9863c50fd45de9f7916ac9c687e38b4e0bb1e988b286da9ec8f
c144aa8d4ba23cf687a597a5f515970e2dc9a03637b2173c70fea23ddf1de671,NULL,8fec5292909cf10cb94ddfb7ce3324de38753a78f6b5caef035c2831995f2129
a51077991d7bd5b3ff014d35acc41bf5385b1942d88acc2ffaa8115ce6a4f6ca,cb246fb38e4f4fd9929fd59da7e73cfa14c369cf8f54f8037b1645f54c6dc5c1,34a58c54c2a251db954695572fde3dab90b8d10d3183ee4f7567f785f402d151
451fcbd60e08b6de954ae756a9c02708b1582194444021f4bcadd88364260fe8,NULL,698854bc22e56a0733ea70626f67f577abb6fac6d4f946f5a0c843f5fc8ee893
e808e59a4583f0d22d015a50c3096d1b4ec0f4efead761700a5e3f8c909d4000,06051fba0ddc10fef908bbc1aadfd1bae2ff91fa5bd6f3ba3ea13da99552dfa8,cc06199978ebcd97d32bdb7ff5f455a3241e6ea6eb7491a3b28677ed63f94bfe
3808b60dc78300a6f84f6191201f74e8724e68c100be36978e7c0d40243799f2,NULL,NULL
68e057716918ddf92268b4f73deaf2752411f6214870c977f322fbb1f9a54e93,6ef8cce64a0c76da9c4a9b201175d99da71e55305f528635e7ae4d889e9512fc,a8c5ef10e5d1d05de44911baeef8d037eec43f2b9fe7e853e0539704a114ae2d
26902272bbd95604099d2854d72609377e67c6d5b793fa1c24aee094f882860f,47a6945ef18a048684dc4228a1c8d27b03c527f30255aaaaffcd85bcc324ba31,dd571486f68646e0cd7dfb954ef6cf06b8a3850faf9a8513f73911d78a0b0280
7f560dbee65a8cf264b155f7fe76ec23849dc6b2559024402d1f9e2da4911ed0,a43669ee910d0d862d26b9d3f084befc9c859b834ffa1d6bc791a92d47f5e3a4,e1bbecf917923ad8a05ff0f6f35670af6d88f3c85419c9e7ff78c1240be5bce7
df0e0b965d386179350449a5c319751fbaf54bc73de2cd044c4169c2f63a96ce,NULL,b4057927362c7ff0d71996de371566aaacf140451e976d5d9b68cf29b3456484
c889611ee7249b1432ef31e5838a9dbbbd20245f66bf643eb83fd4f701ef7b0e,01d13746e06308504b7a52bec0eaebdf414ab1cbb7ab679518c9ae2a15d4dd2e,745d2ec891a86ae4eb534c45c1d5d20656538b278d945d618268beac605091d2
fc649504e815c2072ce93a178bb96e4fef49bbec218dfe04fef1e589c18ac12e,d12138eb70c5e45a6bcd116dddd1b18b42ae4dff52a9acf13d5f33f8e59219b0,bdd504efafd358f5dcf6e36d3cbb88d8946300f9086988c4bd17876bdfdfd97e
269b354e5d0a2cfb8db11d8c5edd05edd4ed9efe4edf3ce7091f07d76d9e5682,ffecb6fb70bf435b20f33c568b4c7f4f9e747a6eb51dd40aaa54e1ad1d17897e,eff39f7da63cdc9fe5e13ad757b315b41f0ecf13dde470161286f4638760f7bf
739bd9e01c955bf4d0e49b17aa85d0015961dc5cf3da1306942ee6295eb86d6f,NULL,bd7b5ddb44881ba605ad97efe796e701af7a0af76b3a00c0919e9028c8110365
fffa1bfdfc15cee818a2eadfcbeaf4f9a2e07b4ed6fcbe99a02147d5228d2467,9beae45895bde3246ffda3546e2ac7ea0782b9fed16878d250b92a4b3124fc20,38e0b6e7f3ecc130841a1b14049e357135ddd548065d39cf273553ea067dffb4
a7cb27267e6d10501598c7885f424819fa31a3b76474d78bebf6d4dd86220e8a,NULL,7e105e6f6e0e2a5ef37d1b6465b5520b879a98a63501f9a2d747d18734271e96
f7c7ce0c21ed3d52eae413686c9907fbb96b69b95de68e0906f7402545775a41,87c6c7325ae69dc1a39a374a4ce7b461840baa18ab7597f7991d12ba1c507ce6,9a7d42ea5a44459cb286e7721af0440fe7dbc30a35894d78b457ce89c3ff3036
abca02219f76a7877e51b6ea16f848c87b6f433606ff377cffea0e4b845a0342,NULL,803802fa96a22886ccf6c319130d198951f1bb124c5a11770e48572fe5139a05
212779008b03b0144fde8eb6ab1e44acd0cf3d21b45a82057c4d026feb21a157,69e39d7a8333c33b07ca4dd56b317e18b2535089142f13ba45b725b41a3d847d,1989b8a598b0f93b859949c8275921a32d15c52529e44a8442c6a3c50db0ae37
322151f06410200c6d914b703adb8caf0223ff7c3507999940cf1df43feb548d,NULL,4c7808efb7b2b3ba8a98c3ee8c451925701afcd5a5969f00dd7c00bdc3feb917
81ef3fb73a23353fdcd318878fcfc1c753e008724c99812166d9274f80bc4e3f,863eed480312af456200495359bebcbd6d7e3b7f27b28b6e9ef0f52b08f09d4d,63a18f97a4bd4fac57ecab94edb667d33ffe1690cc6bb11942883058aad7cd9f
be38668670fa7366697fb9d39f594f94b47acd9ba016b5f634dbedd88068f5d4,df9af30184773023c05b45a5c5093b139c66c71d5b0a6a392aa03154ffbe5024,924e16427f1f3214626c155ebab1d073029e4243865302ce6f8f504992527502
afe51bff4450ba9646cd296cdab3d3e089bef06cd3ab9086877372cfa799370d,NULL,f6bd2ee3539364058ba12ba79df3878f671f749f7f78d2f4d88c6efce424f6d3
e8d32feae4a8f7c3d80fb6a80d62422784e76426b975f7557f85f4b4838e5531,c806860cb7ed52a6bb4903fb16c2d0cdfbd7d9cb11509601235ab2c4ca2571f9,a4c6b420b7bc2485066d3278943ea43f9b87edbed6c2da3dd9ebdd7157c66678
d3c0b20e296ab12e8d4a617322d746ec5225210371abe823cbdaffe810719732,ca8a1adec1ba4a6bf8f633054a5c1a3480fadc9bccb3c168122e7787490b79b6,NULL
a2172f5e9f698543c0980b8ddccc24c41e1819a398df11824ef59678b8b4fd48,NULL,def152e4892713442639524910531c137b84cc6f421e0b9c62d1d56cb73ef67e
5de10021e8388b6b5b79183d6710b887f02e89e746891e8cd4a638cf4a7102a5,7a7e49195aaa1d31d7b16f89752f0761d28fd56005ebab1f45f4ae9bfa1b9438,fc0d82d625451c40edb9ba8c12e5e732fd2537fa97e573caa7b47e516a0cc1c1
4c7e80cb9abbc5c1afd8492f035c67232d980ccc21127144f36489f0ee1023bd,NULL,NULL
e03c40dc7f6b137856946eea8a5a370e77c5ecc6b4d118ba54a4ec6dc70a298c,NULL,4010f9f76c77b74f68a6d7359172daabddf12ae53e25727b9843ecfaaa0b5927
70e3bb9076680f8d54d0db6bf8b29ed876bc1ba7818e3b17146c2c68be61f0d3,daa8fe4cc5120eab70456aadd0ddf4aa79f368b784fb69085af89fad6f318d1b,79bbbfc62fc8510d1b779ee43ba7b04b214f97326de01db8734b4dc64e0bac8c
2fbb78be61209a5688330115758c5c6d7a2c2c0569b63952492af5ae71ad239d,ed61a3848e039f85c1f3a206dbde367271fb37fde11e3649773e3cb518518397,40d35fbb1e65fc2dcd65ea1e8ac5c0ab9b6b8185f7c4c049ae121f04ce932ecb
415108c9c4ab0c6e3a22484b3bb65131238ff10cc0853986c7e7f010f37cce6d,a13c0ab7d297da633d6cf35188d27e13c935ab164e9717722d8f0a3aeceea07a,c0c6b7c7155a15da7e51434ac1c9f59c4d4a36b4d2983148b218ceb00f1e3671
3e5847ce2611dd5b37d73de65dd60db3f796c9e210eb2da30c0384407b982b02,4babe8578612d2de4efd1bbb7cb2758ffe3a91eb1dd8e6f8c181ed5882f83ecf,0fa050f64f8a7435a845a14431f72d5d60998183cb869839fb21f9b1c4f30840
9401405fc28dfda15372947ddd3f1e21a3236ae61cca0b2f63158572ca3a2382,80abc45522668a98d6c3554674dbcca3f8bed5585fdcbb366cbe457349f2df76,573d1d98467fd0aab96289add9aa6b161da901926f3f13810b8d5e71cae92fae
f3a29c33902692f23d4f2829255814c9d71cecdfabaa6b2f17ffb12238039821,NULL,27c098927a2136f1b25b6e8911c68c9f9dff6ab583b86a609b681992ebbae353
d63d31f1bcb412891cdbdf5a37cf421cbfc77f42ff6fe101be70c5b7e9972c39,1866fb01f8e51491ab1023645d8feab38e93fc8addb07691c8b5a0d921cbac46,de37ae74558ec5bd4549200eea5cc65c22aa0194de69fa1843ceedc20f814fad
bde8f7f3758de79ed4dc6934ced06366288aadcf3c8064208e10ae9d62105327,88dc16f338dda3c05d9be144103f6e6825c474994da651f7c0fd333886b96e31,0b49b3054d70073bfe26e298012ba44671b2363537af65270300aa70905e06d5
0792d9c35692456f4d6bf26ce3afd03930a37a3aeac262cff9c2eac149cb7885,NULL,NULL
20364302aeb6bccce9cf08d7718dbbac5c42c0bc92fd1ff447a8c243b357a4c8,b56c32a339335ba7eaa320d26a13b4714908bd80d913f7eaf146ea468c54af4c,70823571b3a40e0bf1773bc99a390d3c2591be056bd8ecc9b2183a841ec419bb
6b36b8772b17c9c03723f02f2ed597c653887298a5929404fd3fe02fbd1ddcb7,2c434e81da45308465d147c621703e69e5a7e1947fd6e42018bb6526e47150fa,NULL
2c3e93549a0d45ef9eaefc3bbb0d61385f5ec8335861bfc31b36a88538c03623,c976a5a39fb6be9d13b9aaf9b7f9bc09a7cb5135d93de53fab5e99fecfe9a327,150a827cd408d567fb4da07f07ddaba3514ed647e919ec0d0acfc9b13005d128
98691c0beb0c8bfa5898b86e7538d5c6b820ed6d028969f9b7f5a4279e834d45,ecc801cbcaef17a3f2f2022ec7f00eca8cb21b3670d893ad52cbc385f3799876,7e718443b0a8aae6769f241acdd205c900b3778b61fc4d0762d970fdc3edb93c
10dad5acc01ed3bf8170ca4f1512323f88308d3d2ac46572e89d94c8b39eb5d5,NULL,b0c61440d81d1605200777ad97a9b58a7dee19ff109b19774fb9fd4bf835d0c5
4d27afc6ace14649ad0d4164369be0f4a4c0194fed10a297ea29f2b88e263846,NULL,e6f2756650d54974cc17a54413b58324da77fa71ac8770c3268479d701c8c18d
2072a2b1bfc35287ea1e4027212853598501735eaf9d61eac09c3b9e4f1844e2,NULL,ea4c0354ead50943c60470199726ff18cd22e38f1d3256473d7796074350ac9b
7c1ddfee47befb00855595ecd2a20505aebd117663c5152e7b9f513b0710bc66,NULL,586e4ed204aa75f933eba89c00da69b03df56ea51d59b8a6a77f0f6f50b5fc55
f5d979d263500556062a8aaa0cfd5d394f955de303b073314c34a9f1402e2c84,NULL,f4c2aa84aa4a5a1a890d99d8d204ba1f1902c682a8caa4af4acb0db0b5064508
b330fc6ebaa0a5872e626bf52fc7110bf68eadb7cbdf30a95d3d5b89052e7f45,NULL,1a69bafa3cdabcb19347ccaf42c530cdd10f6761c64c5494685fe7374c6bb7ff
f7d16778cbc0ced75ed9341884d35262f24a185d64249951d9056bc4bd1c7a20,c38dde42d4bc9c340458d1451649f0aa02be32af8ab86ba883c856cb5168ee42,6f218fb804093fd226193c15498b85f4ce2a99f0cef80793b055a73aab9b4283
783a25c9c889918cea784acb68ad8443e6afcc62531536ce3e3f38eb09851e76,866c5de23b17c5895512c32da7e97992fa3508935cbc373d2e67a60ef2979ebe,483c7c16fb77a7a838a5c574f0f25e9313e74dfba9ee92baf0d3912c86cc3f00
ed1167761e95a48bcaeab93a7749edfd8985564a81d6da43f8050a64961e4916,9190cf34ae96bc5927e84d034d1acce249192081c46175c31541aa217e62697e,ed3c8b1909e7f8f33c8c4a5120772c4a2a4e6703de3f35e626c1b03a7dfedc07
6267d26de9a8e083e7c2a8690ac6230b8b3316c3ff7fa5be477b3b14a2b94142,51e74e880ce51acefed777d6a526747a02040b34ef3cf1ef4ec4549de0a72c91,98025cc156fc9a76310d64a94307aee4c7fcee2eb0579f2ec36cfe5bf38152c4
f7525d65f4cb23b35c2891e1ab2c957a3f0724d27ea68a99f3bf6a186e569dc2,1868d7e4a9aee64afc4309e6ae6d7086a7e94cd39914f6496bf50dd76e50a6f9,8424d98c328841897dec13a5593ddcc7811d41c78ad8e9c14af5c902c12a47b6
dd4b0cf74fb69f3fe1a9d19286c44e671c36811da89bf98002b9ddf792486aa4,2cd17ecc449b91c51dc9d241da5032edae8dcb09b35848a2985378fba76f835d,489901e27926608c32d7e3dd9490c7ad80297591bea6e1e94a1d5a53a780ffc8
ac1b7e65e7bc8ebe8c7190d90a609f59d8e4f8790be549d83421e7314d11d89c,NULL,7100d3f2abfb51bcb2e2002129898ae00ca4bd500fad089ced21032039759d23
ab8ccb2eb55f5c2db927b7909c1008ecdaf07ce9a1839f02bbb737885614d891,55665809b88bfc4d7be5f120ae3af32c46404816e19809605bd920c899393926,701ed4e9f1403eb0305a793ec1e1162c4d25a4b3a38f4e856135c5f39340152d
1f69b476eaaf3fd75cd3a021088e97090e3f97f4303a6f5e5d9d8fa44f2eed52,f941c7d5cf7cce80bc1653f6cfe0c608a92a372545634582c228ac37011a7f42,NULL
57a40e5c699288ac72c0fb050e8a7bcdac4a899476912d80c72a1c0b83718986,NULL,53e1a6a3420e02d838fe5e306d0a352795fbd723997986c710b1c5b53aec5fce
661e204f1d8a2036b7ce8dcf0aa06e5ba3cc643103e5768dea42771c3eba6b93,265b3aabeb38c2fb3887f5163234f91a5ec7f702ac26377dfa9f99818dbdbc57,92cc1b6b1f92c31f3cf62b35ef56858e71a671315d5a3622f6c8c440bff364cc
a690649561ca42287cc2a53be58986febb3415f9a9b12aabd39580f9bebda6de,75e2c78038f329c69f1ac068b60df15d4872271b477c6fa49bf14c2b0d55bce0,1ac32ac91bdeccc15dc9a011507e30da7685392b2cdac158db3b41e508c24c89
670b6228e13273bef96464bac50250339a0e54829e4eac2eb9d0545e349dc89e,NULL,334803c301debbec7764d4912377395f4417d9c5edbeca1753413786d4d6beb7
838e2f53fc07217e18e762c94ccece316e72f36b560567b042ebc77b6576e482,NULL,67f654f93460a29fe14cc04a2e2f7df02063129a7b83b16f5e00deff75da5a55
1753a693456de348577b7596d37bdc4d90136d69190e8e685d03a81d48713df3,32677eaba4077ea07bea15ef607973a3722cf6115a28467da348377102b7fcc1,d440e9b58558e0ba0b0d1b22b5cfc73716a8e8a73bb3c8bd46fb9df35f0a2481
c205731e680be13d40ac8b215ef1cff6e9ea656779b2adf7b6dfc985604cebe1,cebbc297da9c2ea7b01f8672cf04d31ac59982d6aedfebd9101daa674d24c40f,2538bbe4ade845bd2dc6b4295cf2d70e4a9b4e235ad0f1243ee056a7c15edd01
1313a9f086c2ce8bb2cd80dd0fc88331f004624e983722afa3474ea007a3dfbb,NULL,NULL
310549cb2733119080f9d1c436b73774f2a5f6a204702618a932a497f1e75ce7,5f070a05483e415c81a2dee5a8d41a264acfa79b0abc903c63a05d84ad7cfd51,55226f6dd88161adadbd3a466998429693a1cf7f127491e5d30c917f3d7f8fdd
8cae74788343179bb29ca0f7134112605e76348c10ea98d41e307088a04772bf,eab0e72c8a1c740b1cd2c614097168ac1c551b94af56f51ce8ad2368c29c3e8a,563de93757e54c448e1a4dbc200b92c17f53a3cb6e31a6894487d364f4c7c15c
81ba21c62b0dd28435ca09237a83056113f715d19b1f3c3c470a44010a7baf84,bd50906492c80b338b13ef30e4e9769fc4ac18dbbb69700bb9fa837fa2a3cd1c,01215a2a7a54583b908f82180e3024af4e278606ec1fbedad0a94e7e144b06cc
8cfa58c71400a48a370dfcfb1832f82ccfaaa045dd1045f925142db87158b428,d616194ca7d29603f47386ba52b3a8a8533a36f2e98136bfd06a9990ed7b6b28,634b8c9ecfa76f414e0d8a1ea1929aa1766fef43187425a4aa5803007d234c64
af1f88c0e55a0e7669cdadc5ea88e57c6bb6691761c22b4d5678f0b83489b4bc,eec6052182934bc05254bdda30ef2d15261dcfb39afd4c5bc32e5488f875907e,4e9fbc52e6080cbf7701f32a16daabedf4d59627f31c101902e8911b25f25401
443dd2f9c0b42e7617020dc7881ee181485d427d8835d20c18978aca26904fb4,NULL,d3c94814c2d371f5f69ac02d1344ffbb50a3488ffebc3466e09d5bc249976a9c
303d4c55f8117065e30e004dce64716eca370818cb0a09a6d596e0808c5b411e,cc0ec9881be4437467caaea50ab0b2fb60efa1647fc284d0f731f3d9a53a20c3,79f6426d16499ce53ec0e7877b4c01bfe6e54b1e06b041f63f30603d393464f6
abc0111bb3d99450c8de2d608b154f5ac7fa32f9a3bb931bd816a114acd2b0b7,2b969c47ca568f0354e820cfba7445ad7fe06823301f0b2f60e33c78deed1d67,885212d4f3f28447db45ca315200a6ea501020858ee32d6539f4b44fb2be15b4
1a1446b69df3cc6ff7c997265d8e343af75d739c28906d92c34f3380ec1202c7,NULL,8c7770081f79a187c8c8fbea527a2de1ec4936452c8e5794ba7e2208034eb80c
68f08934341740a29e7225842d6d63f78b422495ff2f5809aabcb2d4806cd864,NULL,3345e0c3e76a88d1b7bedb7ede464dadac6c43e9f5a7806a47a2fd8d2bb36ec2
26f8f739770b1480082dd307bff67b0c43c21100b945bc19ec95bc87a5be2b4c,02e5a4e8c20e1d3702eb8635d87abe3fb1dfcbbd8bcdde56d8b838b9f99b4008,46d2810cdfd1dd89eb3e6cf38482e670825fa9f3b948e08a25c53987e5a82de1
aa8f5574e99c9450530366dbfc3a34e9128a6a1609f91157f324b2176c34f7d5,NULL,NULL
7e3dd4f2a297c9225174d198c3e056a6aec898d3be2117fd781a68b9b036c9ef,12765b87d678508a813d0075e81c62674a7b21dd842fa46b93ecc971dd4e0fb1,NULL
c2ca6f65854e44b2c5a751280ffcc8a1cf76334ebeef35f45bc047d341e418ca,f5b443dba9e34396d853d51bfce014598f46097d1ef625026c37d2bc172b2bd9,983c2965dfb51f0a0d5dedce40c0f01279cc41827cc1263a830fd7214d6ea98c
87b0ecdb8179c3b835afa1a5ca0b4e5ecbf2ba6779236ccb0f658dddc8ab8fea,a4fd718e9296f576694ca2dc3ba6adfa1c1f9215fb1243fb572aee89bb40250e,4c1b2440b89e6c2083b4845935252cebaed7ca8f8a08c1278ad79c4880db1c9d
606e0608ba7e0c6ca6bba7a050eb332dccb2084cdbcbb46b98fd212cef5a0264,68b569002dcd637123f1bc7a084b7dc8602735826bcdfbb05b41b8d54675ee7b,c4ef16a9122cda22b28bc1b730a7e8612590dcc73a3b8c179eab7596cb8e38d0
acd4d31e07edb63bab76f14dcec6caf6d29199d0c05bc17b7cfe18196830e475,3e51ff13587ecf8cdb6d3d922fd86f5f1fa47a5ae1df8b084a8579590e222e5e,25dee947236b31c12018dbfc165f87637d7b53d112b8786b1d8ee065f3f17ac2
6eea947569af8d105cc56dea001e05c28c7fc47c050caa5e02b8652b961a7fdc,242b7adad44324d59cc8cdf8c90de82d91f05da5e0a680d0eaf76362f8074dd1,559103c709408254dd12e2fbb771976750d19c1db6f69616f80d9f7648fbaf28
d33ee2b5dccd102ea7d22bd2b27f759fa8902d9122f92ec8377a0380a5b1869a,c41ef5c2a0405e11d8ab94cab01aa6daa6b46d48d741af87020bb48f33d26723,3fd99d061829efddeeef085f6fedfa0c8d2e655bb08f94f513d7d643053b3281
34e414946d79aefe497d521711bb8625d42001d470068e2699466fdb40622cdc,b9fc2a91e610c47176faa50ea8450cef8b1dd5cc6548ecfb4813a676e9de5067,edffc4974eb0a37c454a544e62387444edb23e7101a4c3b7a8cb84023f2d96e3
aa0834f57e481410b27dcdd16c3cb434094d9e0f0be8e67631ae93b266c3fa1b,031b0e95b7cd779c24949cef29e7ae6511bb83cd99c729560af12e22f5b56d2a,9512664303af610ac73c132ed2930b66161f1fe97aa23aa7047ec36deaad0910
eebd74911d05e496275b4ba84c02f9996671f51b906fdccfb1dc92da611314a2,NULL,0322471403a4720cd49caed3dfb4e49147c2d16481f429a63651fb20465a92c1
cf847ac8ac022ee434f2223f5b9c55cea869bf2ac8677e6482d84431afa5d43b,c019fa0a2cf478c6a5d8a4c70b68505a4439af00ea58c9807b051bba2d326540,09ac7bc08e98559e28e68c55c35864a694a35f076da327482497d910f4d22454
e024570b05f007d2367b386902a450a39645f7703ccfe0f89cf236a3e78d1273,NULL,44bc1a889ba5de8412a4d592765537689c28daee34353fff9ba194fca10d335c
adf1a5eb83eda5bb8609a9fe941c319bc00941189927cecb4b3c9d1ee8e3f19b,2108dc980573f5fee553eb3039d123e32e403bf843079adf8be3f83e04b66cc3,e0a55d9c876ddb7906973c3b3bc85245b9eace5cc5e43719749e3fd8ca755f81
224f3c682f319472351f50e56a9f15c55374865e9ed891a12f46451d40188e02,258fd89fdb48b7e7a4ed0436b917e9421d2e92f0bdf693c1030d44eae0c67f7f,bca9cfe72275e69b847004378302575ad9d29ce087b37f278f2beaf329cd9abc
193eb28e44ef655a7664552fcb90d4a526ae2b7296ecc4dd919d45b1c62b2e86,NULL,e080a2ff1bec5fa6014c964a57cb47a72ab4d1a395f478ff05814a4b50e24e93
a86869e6df26894dd6c58c127d0335b9fbb6f2e42e9c66aa999bde59abd70579,7166caf80a57d399aafad76faa9a9112c0fd697946d791169d898870a778b056,4e11599b73d0557d3070d0ade3e3400311ba18de55711295764f4bf3958cc950
cec3c85bd9a4de1cc4f6f9779b457283a5157d41ab4eebd3bb5c2a9fc61d60b9,NULL,ad8dfe6a0c7e8cf605313c419ce4247db6551233936b20cb34810152318e2d99
aec505d0ac64d14acbb32992ffb4c82ca9a28b8df5d40217956250212bc8c561,f2dabd3d0ea2b4896ad8ca227f9151bd068ea5f669632ac06bbde447b4377ad9,2e41645d6861e452043da71e4455f555e99e93f92df9f64dd02ae5789b03fd60
169581b388ea16bc2adc25fe1bcb0e3a4a34f0f1d585bd4752a155697bd1c831,cae7ef1fe6d631898fc815158f970c6c7d7a69e00879420fc42858791863b4ca,ed55f718525d5ca47decd5313c60f24ce67f51e4764eb85ba9ce6609be30b4cb
161af35b5990d67f9f9b33dad91e78ddc066364868baf1db20ebf19e2f13c356,ee4c9e6f43ab56c644152d5fe5fb092331fb40a935ddf1251f9ab7fa19a09645,edd66779d502e988d3111388a66bf1841ceed02ebacd475f4550e30393153aa9
ac85117608f54fb1e6930fb1b9aacd71a22821885b9dc3d0433346ae6bfd8dc1,NULL,48d3560d4364f4b91de81601b9bff4376edc898b12bfdc5b8a7b40e2405b4bde
157fc29630b7fc0e2be6cfb1eb74f9c3ca0e4c727f157c54a283967af8ade771,NULL,6d6242b492da89e36dde8d034f077cfda0765c8879c5e342fb1b707d041e5694
fac9e5b075231f384a4ac09c43b47f419efffc9806913fe5aa2a58f6ffa7aaa5,NULL,bd90630f1abd39722f4c71cf0ee5a46d59e04e4aba11dc1261ffc9a59bec143f
bfe9c1dfa074b421a24323dae8e832246acb636f32396f93fb079ae627eeff00,9c26878fa0786b4fea88265e0b3984a714db43acf5d4a41fed9f35be84bafad4,befe82b02e8e64743642597d7d630ba6792dac6b1ce5ccf562d0739895eee38f
cd70ad6e92e1bd9d526c5b40c5a440471e335eeecaba28f4e5c5127b711e247b,436d2f43316cf6c31547f3d442b45c509b65f982e53326834d80971ea3e27ad6,428ee572b2d4ea23a7bfb45da0c3ce9bb53a9fe85488819ec932bc809274e8cf
37a518ea2dc3b5d6c0caaf0da893482bcf31dea27323c5943275f94a2f29d294,68ab4ecb41b880a7f44c4c0bf84ac1fd65c1458c7aec469879ca7ce480bdd724,08043b19e972e14d116441efefa7cae16ac49e3ef0d5e918b2f01d5e7fdd058e
59f6d92585f2cfa8ca2afaea4869e1abad24ae70227b8e5fcf93521a4420c9d8,NULL,7f3b7976da4495eaedde88d820d48b8e2227d8ff19b932d9a27ceed36146dd12
9d170214f32096bce2c11c39f821473b1453db0dffb05087611b5afaf95c85e2,NULL,NULL
2a01284b8390d3cc2c7eb836f0c718d8ded0e618e753f242a3047641b4e1292a,482dba90abc49aac3e6135f8f81bcdd0ec08077fcec5d6667d4b43b3ae7fc743,5b60c1b0a2cd35112f099800cb89b1dc272140c8688232a4b5cc27d42de6fefa
a5309d8f7ced31b2450cd773ad6feff74c97fc1b96a0ee4f05a0c541ae04da0e,eede4b736274333cf6ef7e224a5219447150ec1ae5e0e45b7e947fef52aeb14b,eb08f30be1edc441262bf7f3e7d20fcafb8df9aa014889ad4587f04fc8f36e61
4aa7e65e3bda925fc45ed46792e05b326135ac4c69bafeac3e981fb57b9a2094,1f30c7a4b06f808774f61152a1c077e8d959a6e7682de4134b93075213529b96,96bc534dd7d3b511102ef7aeb2265792e16bdc9977314ebf187db5025f41347f
6932c0dfc9475bd004c8926d68f59891eb7342fa5dbd37c783e2999661758db6,NULL,e571db23678e5ade38d070d5def495d5047e0a10e8883f07fc1b379885e32801
477e382b9476f25472d24d18258b76db0d466b96e69cdb4eed906763c699700f,513ec93431ea5c55e7af64e290af2ec13d1edda34b00714dd42942e729a4e3a5,1d6556323533c5e5c359e4c4e1e7fa8589bfc5b71ef0b4babbb5853b411c7b6d
4150a3396585cf5f79ef6678fb74bf89bb638a3d0c2efb9d800a84657dfb7115,81ffee8fb4d659683f71e3ead178d839b140a5cb3669b738e6ec5a8b0d02dade,029d5804ec58d749e44035e4c8253e35da9ac4652b4801cdbd82ba33b7919bc7
34fefdcf3bda59e2ca201d19b5af91a92b153fbb629e31473192f0f1f2089722,NULL,ed74d78ed357bae48ec44d26700ddda79b9c86cecaf2b309b03613d29f592306
5b6bc5c0d8c2df7978483999b5754f74a0c3ada51b62d266ad38f10f97fd719c,3a78899c639f927d8a214c4a5b09c7eac3a50edb53a0734bd783b8de5f6ca6e9,1d0c69164de3ce580ab21bdc2429de9e124b9d52293167a3db491fecf6a7bb67
dce53dde2b1c195601ea5494bee085f1a8340f938e3b6b2956d3955c2b1ae30a,6d282572d5f537902823e3c32302e89a28ce0ee1af0bce0c7f2151b09e45bc42,628401ae01cd6b2ad9c3cf4434318d77a307303bc7d9f6dd0e66c522b9f0be2d
f6081a6948768cdb26748b95b8979404ef8e32b4e39fd601c437aba300a108e4,NULL,e74e08da023850b68edf0d778b86c34990ea457417e9065272994a1a8c198303
6ab741c9f9174085d9001ff535c2903f6f6ac2ec7f53a342df20563be4b82eeb,9224ea568cf003608d2d2441138401ecd187b31642569daed93cb18a4de46a61,949a47cc8ed4d30e33fab9ac1c4e4fc90b92ec61fdbf551052d794e41e1f6eda
2a697958f4a8c7fc1207ddb0ec17019ef8e97d34d1e5930125be8ed4ed1bd9b0,3a8d834fcbe3aad3b8dab7e615cb40b25d3e9fc5dd2adfd2ffae135c0bc15634,be9ab89e9220750e48b88c30e368ae2a81413cc2e56b8935aff866aba5875740
7a938ecaba3304d52b6e75223dfe4db797f90a931dfbc8e2c604cd91a3e0131c,01bcc22eb4926cdb194939cc5e74ca57a6605ecf8b7aa03e9f23173ee1d6872a,1f704cfe57c43afb213fe30c59ad5b00b4d5e317367eaba4dbf46d14f3dd2a25
a84d3295ce4b189c7a115e0be79e246964d6df67b0c2fe0f080697f974edf65f,f675a72ecd6ecddbdbbba9abcd7f943e56f011a5d852f9e8c57cf6ef23def4bb,NULL
2e1bce7d43c5b583df9b8c7fdd4031ab212a0ac7e6bb3e97aed7c9de8347d25b,a3163cb39813f0b5e2d9d2ebae2c1642de3414bae79ab483614b431c9be87444,465878544ad6d7ef38a7fd47d6cbac4a234d1b4c7927a53252dff4ae65065d6b
ccddf4f886b05ca4bfc4b73bbeb8eb1c891010c317512818650d4a47bfb8ba77,ce69bcc8b44eec0988b17a528f4ae5620b793117888a4193ec10b883e16e13d0,5dbc09cfbf77b4117b02794b7b7d8fcd12387fb8b94ede96f5233f52b04f8d97
debc0d84b6d49d44902131690707d9fe194b4b0b3251474427d729c4bd67b01f,0be81c6f1427b4eb94b831455e7a6530a2f386450bea584908aa1789c7d75253,77238b4eb899707cbb5810df27b80df7d6dfae0b5dc84f6b714855b2cfa4630e
3a0c942397b759bac28191ff62c613e0a353ad998499655cc0eeea70ef46b584,913821041deae57d31e5b7983bc534370d225797852bfff40ca269a447bc98eb,NULL
5da3a82a321e77607e99fcb185608dc7877b2b2b6e66258202a489649d6ffe68,NULL,NULL
baf1f08539188d204576b4296585b4ece7bf0c98a0b2a6d64a58d876e8da8050,NULL,b869dc8f4f1d488484a3681db1a82cd5e138536e4b3aad8eba8ebda773755a0b
3daeab87681c2aba4449e0abb061c67864a2c97333d2c8d42c5c00d1f9134265,4b4a6f146c7a816fb2b21b590670f669682d94f0382f3165ff89830103ab1dfc,41a2e46b4af7bf35e6dc62d361e1eb92eac8a5f45f0de6b6c1797699964289cc
2e583ad45b9389302763be030676857f453a244507819ee76b36729945c3b2f4,e61a4f5c8016a1acdf7d5ad2553d16eed3307dc710747c492c7759e6ec0a35b5,df3a609470f26567d0b787f6d64fe81839de7243ee4abf967eee0630c68df48a
7ef58c3b63725f3d1759f1fab3f0588311bd54c0b4af0201026fc9d87100d913,e9af9b78bb7def43d6d90c235538cfefa50e1e00bc2df7cd4fea688d0d3faba6,876100ab170cc12abd4bd5248e5e09eccde226c8cd81a6fcd0aa5d14a315c55e
2dd973c4d13a72e6b1c00f9eb6a2d8ba9b0bfea15c67a58c945cf10a3a57853d,a33fbf3705b7c21ddb0270557d0c81ca0f47ef52963023123a50e91eaa81c9de,bb6b6cc6a42404b7f5f0bcda7f0e311b1b1d79ed6d7e79e42984a5e59f01f133
ee98a45094fd67049497cd47400a450cd97050940cf55a13e5a01728e6a08649,6634e479cc1f057bde888abd8987e211ba1ca083ad5105844c12e3b7caf74000,a222148e66f0f0d0c0fa4ffb3df7fbf9bc5e84b9cf44a0d109664569e1b8321a
b6fc6941e137fe1096f6bde23b5de8295b9df65fb9fd1d8044cbd0d716116606,1a5a82e0ab1dd1d26914410813633d2d54a8cd74c3d09d0a27d2a929735851b6,NULL
d0b9baa1eb1894a59dc74e6c651cdd7900ef9f46dd103cc552d299b9f27f4e2c,NULL,6f4fbc3cb09caf4e0fd72324065678d0e5c83e84f21994df92856f790819775c
8a08aa47a9ccb14803bbc3f925c37a6a6995333a164a600db0b3705255af3078,1897ff25a4055d424a9aa86857e5d4e57c7b5ce3bcb8f964c00f2d524bdb3daa,ff4d8d94591aa4d85433eff5ec05508cdb044e7b0aa28bc161df44adc2b33930
ee59c46fc1a5462812c600d2c88441cbac77aeaf352032097a9dd9b8190655df,d7183a072e8cd96b63f3b1ac8f1a0858f63d092574d9f4df225ffb5df17728de,595f46c48824108e2b340b8064def02ef43ba166a9dd0c2237c9fe35b1aa7aec
4b8ce6081a2811ef0f95f96e8a146c8aa1a1081795d158f4a7c6f96640240d1e,d266ec7d33225d656afd140aa59fae3798ab743185e247e220c37a6093dcd460,f77773767571b27c2c028579cc49ded563234504bf12cd48dea9d2005bb76f29
3b96dea6c19bfa0132ce8d562b76b425e90daa89e7c1062f59f5dc3166762b64,7e25bb2d7220e327dd2f1704ce800776fbd3b4649a244d1ba7cb866a5efc48bc,1a8012f6920a9ed598b74fc345c66936d334a8d665123b1f637cd2fa2fa5d34e
32f61b2db03043ecdff022208a992cfd67ceb7dbfd98481c9f4d69e37e5a9534,0323d629c607d900cc12280f683e726059e73575729343e5dd638bb05f9d034f,36e600152e34aa1916262281d9886a4729075e139e052c20fce76735f3eae1ed
b2f76d3ef6bc5fd063144777779db2f432c8b56cc7d595c61d80c79cac1b6b51,NULL,3b799c56a1246201e0d370cd54970a6f84f651fadb8b86620826bf853cfb6f4b
774d09c8f58dd730bf80fa1f49d24a2514d43e4d2239c9d15d6b75f92172d99d,NULL,451c07fa1d1d4b110b3874128e44196a4aa9d7344903cbeaf46073d58b228762
a989900f24268e9a7328842fa442d19d28fd4d546c0a0e6ed9491f2265c8d0d2,daa7a71b520e5a3d16a6a3be078a6ebe45fb4894c6a3b633efdb186845b2a6fa,fda69f5e13465b4ebacf4530b16d5c5eebe2f585a1ed366b359aa8dd3e8f71df
eb6808c9717cb5d1c963a9c57e692511138c4c66c6d81345d405e61db092798d,NULL,4b41c8e4d50103117767a2c7fa779f5d12d9e27d217ed9a62a63de7a7185aab1
0e138ca6349ba774d4e151d7087d25799ca6afb75c8875c7b63cf36fb067159c,NULL,a1d89e512dbcb8a190d55c83c12db759aa9dd0cb234b7c22655aa6f9044083ee
